node1,node2,weight
A-1MET,A-42GLU,24.700
A-1MET,A-139GLU,32.800
A-2SER,A-4SER,21.900
A-2SER,A-135ASN,28.100
A-3GLN,A-36GLU,29.100
A-4SER,A-6ARG,26.500
A-4SER,A-7GLU,21.600
A-7GLU,A-35THR,21.400
A-10VAL,A-14SER,20.500
A-14SER,A-18SER,43.200
A-16LYS,A-54GLY,25.000
A-23SER,A-25SER,73.600
A-23SER,A-26GLN,62.600
A-28SER,A-30VAL,36.100
A-35THR,A-37ALA,32.400
A-39GLU,A-41THR,25.300
A-44GLU,A-48GLN,20.300
A-48GLN,A-157ASN,47.200
A-54GLY,A-105SER,20.100
A-62ARG,A-62ARG,31.800
A-65PHE,A-69THR,71.700
A-67ASP,A-71GLN,22.200
A-72LEU,A-78THR,29.100
A-73HIS,A-78THR,78.100
A-75THR,A-77GLY,71.300
A-75THR,A-78THR,43.200
A-79ALA,A-82SER,24.800
A-81GLN,A-85GLN,25.500
A-84GLU,A-88ASN,24.700
A-90LEU,A-99ARG,72.000
A-93ASP,A-93ASP,32.300
A-96ASN,A-98GLY,30.000
A-96ASN,A-99ARG,66.900
A-96ASN,A-169ARG,39.600
A-101VAL,A-105SER,73.000
A-107GLY,A-111CYS,55.100
A-110LEU,A-114SER,89.200
A-128ALA,A-132THR,74.500
A-141TRP,A-145ASN,97.700
A-145ASN,A-150THR,90.800
A-149ASP,A-149ASP,40.700
A-154LEU,A-164ARG,27.500
A-156GLY,A-164ARG,32.400
A-157ASN,A-157ASN,29.500
A-163SER,A-167GLN,26.200
A-166GLY,A-169ARG,23.500
