index,Bcl-xL (1),Bcl-xL (2),Bcl-xL/Beclin-1 (1),Bcl-xL/Beclin-1 (2)
0,A-1MET,A-1MET,A-1MET,A-1MET
1,A-2SER,A-2SER,A-2SER,A-2SER
2,A-3GLN,A-3GLN,A-3GLN,A-3GLN
3,A-4SER,A-4SER,A-4SER,A-4SER
4,A-5ASN,A-5ASN,A-5ASN,A-5ASN
5,A-6ARG,A-6ARG,A-6ARG,A-6ARG
6,A-7GLU,A-7GLU,A-7GLU,A-7GLU
7,A-8LEU,A-8LEU,A-8LEU,A-8LEU
8,A-9VAL,A-9VAL,A-9VAL,A-9VAL
9,A-10VAL,A-10VAL,A-10VAL,A-10VAL
10,A-11ASP,A-11ASP,A-11ASP,A-11ASP
11,A-12PHE,A-12PHE,A-12PHE,A-12PHE
12,A-13LEU,A-13LEU,A-13LEU,A-13LEU
13,A-14SER,A-14SER,A-14SER,A-14SER
14,A-15TYR,A-15TYR,A-15TYR,A-15TYR
15,A-16LYS,A-16LYS,A-16LYS,A-16LYS
16,A-17LEU,A-17LEU,A-17LEU,A-17LEU
17,A-18SER,A-18SER,A-18SER,A-18SER
18,A-19GLN,A-19GLN,A-19GLN,A-19GLN
19,A-20LYS,A-20LYS,A-20LYS,A-20LYS
20,A-21GLY,A-21GLY,A-21GLY,A-21GLY
21,A-22TYR,A-22TYR,A-22TYR,A-22TYR
22,A-23SER,A-23SER,A-23SER,A-23SER
23,A-24TRP,A-24TRP,A-24TRP,A-24TRP
24,A-25SER,A-25SER,A-25SER,A-25SER
25,A-26GLN,A-26GLN,A-26GLN,A-26GLN
26,A-27PHE,A-27PHE,A-27PHE,A-27PHE
27,A-28SER,A-28SER,A-28SER,A-28SER
28,A-29ASP,A-29ASP,A-29ASP,A-29ASP
29,A-30VAL,A-30VAL,A-30VAL,A-30VAL
30,A-31GLU,A-31GLU,A-31GLU,A-31GLU
31,A-32GLU,A-32GLU,A-32GLU,A-32GLU
32,A-33ASN,A-33ASN,A-33ASN,A-33ASN
33,A-34ARG,A-34ARG,A-34ARG,A-34ARG
34,A-35THR,A-35THR,A-35THR,A-35THR
35,A-36GLU,A-36GLU,A-36GLU,A-36GLU
36,A-37ALA,A-37ALA,A-37ALA,A-37ALA
37,A-38PRO,A-38PRO,A-38PRO,A-38PRO
38,A-39GLU,A-39GLU,A-39GLU,A-39GLU
39,A-40GLY,A-40GLY,A-40GLY,A-40GLY
40,A-41THR,A-41THR,A-41THR,A-41THR
41,A-42GLU,A-42GLU,A-42GLU,A-42GLU
42,A-43SER,A-43SER,A-43SER,A-43SER
43,A-44GLU,A-44GLU,A-44GLU,A-44GLU
44,A-45ALA,A-45ALA,A-45ALA,A-45ALA
45,A-46VAL,A-46VAL,A-46VAL,A-46VAL
46,A-47LYS,A-47LYS,A-47LYS,A-47LYS
47,A-48GLN,A-48GLN,A-48GLN,A-48GLN
48,A-49ALA,A-49ALA,A-49ALA,A-49ALA
49,A-50LEU,A-50LEU,A-50LEU,A-50LEU
50,A-51ARG,A-51ARG,A-51ARG,A-51ARG
51,A-52GLU,A-52GLU,A-52GLU,A-52GLU
52,A-53ALA,A-53ALA,A-53ALA,A-53ALA
53,A-54GLY,A-54GLY,A-54GLY,A-54GLY
54,A-55ASP,A-55ASP,A-55ASP,A-55ASP
55,A-56GLU,A-56GLU,A-56GLU,A-56GLU
56,A-57PHE,A-57PHE,A-57PHE,A-57PHE
57,A-58GLU,A-58GLU,A-58GLU,A-58GLU
58,A-59LEU,A-59LEU,A-59LEU,A-59LEU
59,A-60ARG,A-60ARG,A-60ARG,A-60ARG
60,A-61TYR,A-61TYR,A-61TYR,A-61TYR
61,A-62ARG,A-62ARG,A-62ARG,A-62ARG
62,A-63ARG,A-63ARG,A-63ARG,A-63ARG
63,A-64ALA,A-64ALA,A-64ALA,A-64ALA
64,A-65PHE,A-65PHE,A-65PHE,A-65PHE
65,A-66SER,A-66SER,A-66SER,A-66SER
66,A-67ASP,A-67ASP,A-67ASP,A-67ASP
67,A-68LEU,A-68LEU,A-68LEU,A-68LEU
68,A-69THR,A-69THR,A-69THR,A-69THR
69,A-70SER,A-70SER,A-70SER,A-70SER
70,A-71GLN,A-71GLN,A-71GLN,A-71GLN
71,A-72LEU,A-72LEU,A-72LEU,A-72LEU
72,A-73HIS,A-73HIS,A-73HIS,A-73HIS
73,A-74ILE,A-74ILE,A-74ILE,A-74ILE
74,A-75THR,A-75THR,A-75THR,A-75THR
75,A-76PRO,A-76PRO,A-76PRO,A-76PRO
76,A-77GLY,A-77GLY,A-77GLY,A-77GLY
77,A-78THR,A-78THR,A-78THR,A-78THR
78,A-79ALA,A-79ALA,A-79ALA,A-79ALA
79,A-80TYR,A-80TYR,A-80TYR,A-80TYR
80,A-81GLN,A-81GLN,A-81GLN,A-81GLN
81,A-82SER,A-82SER,A-82SER,A-82SER
82,A-83PHE,A-83PHE,A-83PHE,A-83PHE
83,A-84GLU,A-84GLU,A-84GLU,A-84GLU
84,A-85GLN,A-85GLN,A-85GLN,A-85GLN
85,A-86VAL,A-86VAL,A-86VAL,A-86VAL
86,A-87VAL,A-87VAL,A-87VAL,A-87VAL
87,A-88ASN,A-88ASN,A-88ASN,A-88ASN
88,A-89GLU,A-89GLU,A-89GLU,A-89GLU
89,A-90LEU,A-90LEU,A-90LEU,A-90LEU
90,A-91PHE,A-91PHE,A-91PHE,A-91PHE
91,A-92ARG,A-92ARG,A-92ARG,A-92ARG
92,A-93ASP,A-93ASP,A-93ASP,A-93ASP
93,A-94GLY,A-94GLY,A-94GLY,A-94GLY
94,A-95VAL,A-95VAL,A-95VAL,A-95VAL
95,A-96ASN,A-96ASN,A-96ASN,A-96ASN
96,A-97TRP,A-97TRP,A-97TRP,A-97TRP
97,A-98GLY,A-98GLY,A-98GLY,A-98GLY
98,A-99ARG,A-99ARG,A-99ARG,A-99ARG
99,A-100ILE,A-100ILE,A-100ILE,A-100ILE
100,A-101VAL,A-101VAL,A-101VAL,A-101VAL
101,A-102ALA,A-102ALA,A-102ALA,A-102ALA
102,A-103PHE,A-103PHE,A-103PHE,A-103PHE
103,A-104PHE,A-104PHE,A-104PHE,A-104PHE
104,A-105SER,A-105SER,A-105SER,A-105SER
105,A-106PHE,A-106PHE,A-106PHE,A-106PHE
106,A-107GLY,A-107GLY,A-107GLY,A-107GLY
107,A-108GLY,A-108GLY,A-108GLY,A-108GLY
108,A-109ALA,A-109ALA,A-109ALA,A-109ALA
109,A-110LEU,A-110LEU,A-110LEU,A-110LEU
110,A-111CYS,A-111CYS,A-111CYS,A-111CYS
111,A-112VAL,A-112VAL,A-112VAL,A-112VAL
112,A-113GLU,A-113GLU,A-113GLU,A-113GLU
113,A-114SER,A-114SER,A-114SER,A-114SER
114,A-115VAL,A-115VAL,A-115VAL,A-115VAL
115,A-116ASP,A-116ASP,A-116ASP,A-116ASP
116,A-117LYS,A-117LYS,A-117LYS,A-117LYS
117,A-118GLU,A-118GLU,A-118GLU,A-118GLU
118,A-119MET,A-119MET,A-119MET,A-119MET
119,A-120GLN,A-120GLN,A-120GLN,A-120GLN
120,A-121VAL,A-121VAL,A-121VAL,A-121VAL
121,A-122LEU,A-122LEU,A-122LEU,A-122LEU
122,A-123VAL,A-123VAL,A-123VAL,A-123VAL
123,A-124SER,A-124SER,A-124SER,A-124SER
124,A-125ARG,A-125ARG,A-125ARG,A-125ARG
125,A-126ILE,A-126ILE,A-126ILE,A-126ILE
126,A-127ALA,A-127ALA,A-127ALA,A-127ALA
127,A-128ALA,A-128ALA,A-128ALA,A-128ALA
128,A-129TRP,A-129TRP,A-129TRP,A-129TRP
129,A-130MET,A-130MET,A-130MET,A-130MET
130,A-131ALA,A-131ALA,A-131ALA,A-131ALA
131,A-132THR,A-132THR,A-132THR,A-132THR
132,A-133TYR,A-133TYR,A-133TYR,A-133TYR
133,A-134LEU,A-134LEU,A-134LEU,A-134LEU
134,A-135ASN,A-135ASN,A-135ASN,A-135ASN
135,A-136ASP,A-136ASP,A-136ASP,A-136ASP
136,A-137HIS,A-137HIS,A-137HIS,A-137HIS
137,A-138LEU,A-138LEU,A-138LEU,A-138LEU
138,A-139GLU,A-139GLU,A-139GLU,A-139GLU
139,A-140PRO,A-140PRO,A-140PRO,A-140PRO
140,A-141TRP,A-141TRP,A-141TRP,A-141TRP
141,A-142ILE,A-142ILE,A-142ILE,A-142ILE
142,A-143GLN,A-143GLN,A-143GLN,A-143GLN
143,A-144GLU,A-144GLU,A-144GLU,A-144GLU
144,A-145ASN,A-145ASN,A-145ASN,A-145ASN
145,A-146GLY,A-146GLY,A-146GLY,A-146GLY
146,A-147GLY,A-147GLY,A-147GLY,A-147GLY
147,A-148TRP,A-148TRP,A-148TRP,A-148TRP
148,A-149ASP,A-149ASP,A-149ASP,A-149ASP
149,A-150THR,A-150THR,A-150THR,A-150THR
150,A-151PHE,A-151PHE,A-151PHE,A-151PHE
151,A-152VAL,A-152VAL,A-152VAL,A-152VAL
152,A-153GLU,A-153GLU,A-153GLU,A-153GLU
153,A-154LEU,A-154LEU,A-154LEU,A-154LEU
154,A-155TYR,A-155TYR,A-155TYR,A-155TYR
155,A-156GLY,A-156GLY,A-156GLY,A-156GLY
156,A-157ASN,A-157ASN,,
157,A-158ASN,A-158ASN,,
158,A-159ALA,A-159ALA,,
159,A-160ALA,A-160ALA,,
160,A-161ALA,A-161ALA,,
161,A-162GLU,A-162GLU,,
162,A-163SER,A-163SER,,
163,A-164ARG,A-164ARG,,
164,A-165LYS,A-165LYS,,
165,A-166GLY,A-166GLY,,
166,A-167GLN,A-167GLN,,
167,A-168GLU,A-168GLU,,
168,A-169ARG,A-169ARG,,
169,,,B-106GLY,B-106GLY
170,,,B-107GLY,B-107GLY
171,,,B-108THR,B-108THR
172,,,B-109MET,B-109MET
173,,,B-110GLU,B-110GLU
174,,,B-111ASN,B-111ASN
175,,,B-112LEU,B-112LEU
176,,,B-113SER,B-113SER
177,,,B-114ARG,B-114ARG
178,,,B-115ARG,B-115ARG
179,,,B-116LEU,B-116LEU
180,,,B-117LYS,B-117LYS
181,,,B-118VAL,B-118VAL
182,,,B-119THR,B-119THR
183,,,B-120GLY,B-120GLY
184,,,B-121ASP,B-121ASP
185,,,B-122LEU,B-122LEU
186,,,B-123PHE,B-123PHE
187,,,B-124ASP,B-124ASP
188,,,B-125ILE,B-125ILE
189,,,B-126MET,B-126MET
190,,,B-127SER,B-127SER
191,,,B-128GLY,B-128GLY